Workbook

Sheet Transactions
A1: Date | B1: Category | C1: Description | D1: Type (Income/Expense) | E1: Amount | F1: Month
A2: 45880 | B2: Rent | C2: Security Deposit | D2: Expense | E2: 774 | F2: =TEXT(A2,"MMMM") -> August
A3: 45881 | B3: Electronics | C3: Mint | D3: Expense | E3: 209.68 | F3: =TEXT(A3,"MMMM") -> August
A4: 45883 | B4: Groceries | C4: Lidl | D4: Expense | E4: 25 | F4: =TEXT(A4,"MMMM") -> August
A5: 45885 | B5: Groceries | C5: Patel Brothers | D5: Expense | E5: 22.91 | F5: =TEXT(A5,"MMMM") -> August
A6: 45885 | B6: Electronics | C6: Wifi | D6: Expense | E6: 6.25 | F6: =TEXT(A6,"MMMM") -> August
A7: 45885 | B7: Transport | C7: Uber | D7: Expense | E7: 14.33 | F7: =TEXT(A7,"MMMM") -> August
A8: 45886 | B8: Groceries | C8: Walmart | D8: Expense | E8: 41.69 | F8: =TEXT(A8,"MMMM") -> August
A9: 45886 | B9: Groceries | C9: Walmart | D9: Expense | E9: 24.77 | F9: =TEXT(A9,"MMMM") -> August
A10: 45887 | B10: Groceries | C10: Lidl | D10: Expense | E10: 3.25 | F10: =TEXT(A10,"MMMM") -> August
A11: 45887 | B11: Groceries | C11: Lidl | D11: Expense | E11: 5.39 | F11: =TEXT(A11,"MMMM") -> August
A12: 45888 | B12: Cleaning | C12: Amazon | D12: Expense | E12: 15.5 | F12: =TEXT(A12,"MMMM") -> August
A13: 45890 | B13: Groceries | C13: Costco | D13: Expense | E13: 21.77 | F13: =TEXT(A13,"MMMM") -> August
... A29: 45905 | B29: Groceries | C29: Lidl Supplies | D29: Expense | E29: 2.5 | F29: =TEXT(A29,"MMMM") -> September
A30: 45906 | B30: Groceries | C30: Patel Bros | D30: Expense | E30: =12.43 -> 12.43 | F30: =TEXT(A30,"MMMM") -> September
A31: 45910 | B31: Groceries | C31: Lidl Supplies | D31: Expense | E31: =1.33+1.04 -> 2.37 | F31: =TEXT(A31,"MMMM") -> September
A32: 45913 | B32: Groceries | C32: Costco Supplies | D32: Expense | E32: 9.69 | F32: =TEXT(A32,"MMMM") -> September
A33: 45913 | B33: Electronics | C33: Walmart | D33: Expense | E33: 8.03 | F33: =TEXT(A33,"MMMM") -> September
A34: 45913 | B34: Food | C34: Pizza at Home | D34: Expense | E34: 2.93 | F34: =TEXT(A34,"MMMM") -> September
A35: 45916 | B35: Transport | C35: Anna Trip | D35: Expense | E35: 5 | F35: =TEXT(A35,"MMMM") -> September
A36: 45919 | B36: Transport | C36: Yber/Lyft | D36: Expense | E36: 12 | F36: =TEXT(A36,"MMMM") -> September
A37: 45919 | B37: Food | C37: Garba | D37: Expense | E37: 12 | F37: =TEXT(A37,"MMMM") -> September
A38: 45927 | B38: Transport | C38: Movie+ Popcorn | D38: Expense | E38: =11.4+4 -> 15.4 | F38: =TEXT(A38,"MMMM") -> September
A39: 45926 | B39: Groceries | C39: Lidl Tomatoes | D39: Expense | E39: 0.82 | F39: =TEXT(A39,"MMMM") -> September
A40: 45915 | B40: Grocereies | C40: Lidl Supplies | D40: Expense | E40: 2.89 | F40: =TEXT(A40,"MMMM") -> September
A41: 45916 | B41: Rent | C41: Renters Insurance | D41: Expense | E41: 3.12 | F41: =TEXT(A41,"MMMM") -> September
A42: 45918 | B42: Food | C42: Doordash Pass | D42: Expense | E42: 2.5 | F42: =TEXT(A42,"MMMM") -> September
A43: 45920 | B43: Groceries | C43: Lidl Supplies | D43: Expense | E43: =6.2+3.86 -> 10.06 | F43: =TEXT(A43,"MMMM") -> September
A44: 45925 | B44: Groceries | C44: Costco Supplies | D44: Expense | E44: 6.92 | F44: =TEXT(A44,"MMMM") -> September
A45: 45929 | B45: Groceries | C45: Patels | D45: Expense | E45: 19.41 | F45: =TEXT(A45,"MMMM") -> September
A46: 45929 | B46: Groceries | C46: Wee | D46: Expense | E46: 8.31 | F46: =TEXT(A46,"MMMM") -> September
A47: 45929 | B47: Rent | C47: Rent for September | D47: Expense | E47: 779.5 | F47: =TEXT(A47,"MMMM") -> September
A49: 45931 | B49: Food | C49: Anna Food | D49: Expense | E49: 16.95 | F49: =TEXT(A49,"MMMM") -> October
A50: 45931 | B50: Food | C50: Asia Cup Pizza | D50: Expense | E50: 3.53 | F50: =TEXT(A50,"MMMM") -> October
A51: 45931 | B51: Groceries | C51: Costco | D51: Expense | E51: 8.47 | F51: =TEXT(A51,"MMMM") -> October
A52: 45932 | B52: Groceries | C52: Lidl | D52: Expense | E52: 9.95 | F52: =TEXT(A52,"MMMM") -> October
A53: 45933 | B53: Electronics | C53: TV | D53: Expenses | E53: 26 | F53: =TEXT(A53,"MMMM") -> October
A54: 45933 | B54: Rent | C54: Security Deposit | D54: Expense | E54: 494.25 | F54: =TEXT(A54,"MMMM") -> October
A55: 45933 | B55: Wifi | C55: Monthly Xfinity | D55: Expense | E55: 12.73 | F55: =TEXT(A55,"MMMM") -> October
A56: 45934 | B56: Clothing | C56: Burlington | D56: Expense | E56: 75.33 | F56: =TEXT(A56,"MMMM") -> October
... A59: 45939 | B59: Groceries | C59: Costco Supplies | D59: Expense | E59: 6.01 | F59: =TEXT(A59,"MMMM") -> October
A60: 45939 | B60: Groceries | C60: Lidl | D60: Expense | E60: =4.03+1.39 -> 5.42 | F60: =TEXT(A60,"MMMM") -> October
A61: 45940 | B61: Groceries | C61: Lidl | D61: Expense | E61: =2.18+1.15 -> 3.33 | F61: =TEXT(A61,"MMMM") -> October
A62: 45941 | B62: Groceries | C62: Trader Joes | D62: Expense | E62: =3.23+0.99 -> 4.22 | F62: =TEXT(A62,"MMMM") -> October
A63: 45942 | B63: Groceries | C63: Costco | D63: Expense | E63: =1.8+5.85+1.67+1.25+2.64 -> 13.21 | F63: =TEXT(A63,"MMMM") -> October
A64: 45942 | B64: Groceries | C64: CVS | D64: Expense | E64: =3.44+2.85 -> 6.29 | F64: =TEXT(A64,"MMMM") -> October
A65: 45940 | B65: Electronics | C65: Electricty | D65: Expense | E65: 41 | F65: =TEXT(A65,"MMMM") -> October
A66: 45941 | B66: Fun | C66: Diwali Party | D66: Expense | E66: 10 | F66: =TEXT(A66,"MMMM") -> October
A67: 45944 | B67: Groceries | C67: Wee | D67: Expense | F67: =TEXT(A67,"MMMM") -> October
A68: 45945 | B68: Groceries | C68: Lidl | D68: Expense | E68: 5.76 | F68: =TEXT(A68,"MMMM") -> October
A69: 45946 | B69: Food | C69: Breakfast | D69: Expense | E69: 4.38 | F69: =TEXT(A69,"MMMM") -> October
A70: 45949 | B70: Groceries | C70: Lidl | D70: Expense | E70: =0.8+7.63 -> 8.43 | F70: =TEXT(A70,"MMMM") -> October
A71: 45950 | B71: Rent | C71: Renters Insurance | D71: Expense | E71: 3.12 | F71: =TEXT(A71,"MMMM") -> October
A72: 45961 | B72: Transport | C72: Costco Travel | D72: Expense | E72: 3.53 | F72: =TEXT(A72,"MMMM") -> October
A73: 45961 | B73: Groceries | C73: Cereals | D73: Expense | E73: 1.35 | F73: =TEXT(A73,"MMMM") -> October
A74: 45961 | B74: Clothing | C74: Gloves | D74: Expense | E74: 2.62 | F74: =TEXT(A74,"MMMM") -> October
A75: 45961 | B75: Groceries | C75: Lidl | D75: Expense | E75: =2.61+2.33+2.76 -> 7.7 | F75: =TEXT(A75,"MMMM") -> October
F76: =TEXT(A76,"MMMM") -> December
A77: 45962 | B77: Rent | C77: Rent | D77: Expense | E77: 766 | F77: =TEXT(A77,"MMMM") -> November
A78: 45962 | B78: Electronics | C78: Electricty-Sept | D78: Expense | E78: 38.8 | F78: =TEXT(A78,"MMMM") -> November
A79: 45962 | B79: Groceries | C79: Costco | D79: Expense | E79: =17.84+4.25+3.5+0.82 -> 26.41 | F79: =TEXT(A79,"MMMM") -> November
A80: 45963 | B80: Groceries | C80: Lidl | D80: Expense | E80: =0.72+3.29+1.39+0.32 -> 5.72 | F80: =TEXT(A80,"MMMM") -> November
A81: 45964 | B81: Fun | C81: DC | D81: Expense | E81: =2.5+7.33+1.1+4+2.84+2.86+2 -> 22.63 | F81: =TEXT(A81,"MMMM") -> November
A82: 45966 | B82: Electronics | C82: Wifi | D82: Expense | E82: 12.72 | F82: =TEXT(A82,"MMMM") -> November
A83: 45969 | B83: Groceries | C83: Patel Brothers | D83: Expense | E83: 30.1 | F83: =TEXT(A83,"MMMM") -> November
A84: 45978 | B84: Fun | C84: Book Harvard | D84: Expense | E84: 1.04 | F84: =TEXT(A84,"MMMM") -> November
A85: 45982 | B85: Groceries | C85: Costco | D85: Expense | E85: =6.24+3.78+1.13+1.69 -> 12.84 | F85: =TEXT(A85,"MMMM") -> November
A86: 45980 | B86: Fun | C86: Madhur Bday | D86: Expense | E86: =16.03+2.91 -> 18.94 | F86: =TEXT(A86,"MMMM") -> November
A87: 45979 | B87: Transport | C87: Greenbelt to Home | D87: Expense | E87: 3 | F87: =TEXT(A87,"MMMM") -> November
A88: 45972 | B88: Groceries | C88: Costco Supplies | D88: Expense | E88: =5.02+12.1 -> 17.12 | F88: =TEXT(A88,"MMMM") -> November
A89: 45974 | B89: Groceries | C89: Lidl | D89: Expense | E89: =1.52 -> 1.52 | F89: =TEXT(A89,"MMMM") -> November
A90: 45976 | B90: Groceries | C90: Lidl | D90: Expense | E90: =5.68+4.21+1.33+1.87 -> 13.09 | F90: =TEXT(A90,"MMMM") -> November
A91: 45979 | B91: Cleaning | C91: Cleaning Cloth | D91: Expense | E91: 3.58 | F91: =TEXT(A91,"MMMM") -> November
A92: 45982 | B92: Electronics | C92: PS5 | D92: Expense | E92: 482.28 | F92: =TEXT(A92,"MMMM") -> November
A93: 45989 | B93: Clothing | C93: Jacket | D93: Expense | E93: 63 | F93: =TEXT(A93,"MMMM") -> November
A94: 45991 | B94: Transport | C94: Virginia | D94: Expense | E94: 5 | F94: =TEXT(A94,"MMMM") -> November
A95: 45991 | B95: Food | C95: Virginia | D95: Expense | E95: =6.09+15.17 -> 21.26 | F95: =TEXT(A95,"MMMM") -> November
A96: 45984 | B96: Groceries | C96: Amazon | D96: Expense | E96: =4.1+4.5 -> 8.6 | F96: =TEXT(A96,"MMMM") -> November
A97: 45990 | B97: Electronics | C97: Electricty-Oct | D97: Expense | E97: 38.03 | F97: =TEXT(A97,"MMMM") -> November
A98: 45991 | B98: Groceries | C98: Amazon+Cabs | D98: Expense | E98: =4.49+2.69+3.03 -> 10.21 | F98: =TEXT(A98,"MMMM") -> November
A99: 45991 | B99: Clothing | C99: Bharat Hoodie | D99: Expense | E99: 30 | F99: =TEXT(A99,"MMMM") -> November
A100: 45991 | B100: Clothing | C100: Nandu Shoes | D100: Expense | E100: 90 | F100: =TEXT(A100,"MMMM") -> November
A101: 45991 | B101: Clothing | C101: Ramya Product | D101: Expense | E101: 19.3 | F101: =TEXT(A101,"MMMM") -> November
D102: Expense | F102: =TEXT(A102,"MMMM") -> December
A103: 45996 | B103: Rent | C103: Rent | D103: Expense | E103: 773.79 | F103: =TEXT(A103,"MMMM") -> December
A104: 45997 | B104: Electronics | C104: Wifi | D104: Expense | E104: 12.72 | F104: =TEXT(A104,"MMMM") -> December
A105: 45997 | B105: Fun | C105: Kushal Lunch | D105: Expense | E105: 12 | F105: =TEXT(A105,"MMMM") -> December
A106: 46007 | B106: Food | C106: Halal Cart | D106: Expense | E106: 13.76 | F106: =TEXT(A106,"MMMM") -> December
A107: 46008 | B107: Food | C107: Smores | D107: Expense | E107: 11 | F107: =TEXT(A107,"MMMM") -> December
A108: 46009 | B108: Transport | C108: DC | D108: Expense | E108: 4.85 | F108: =TEXT(A108,"MMMM") -> December
A109: 45992 | B109: Groceries | C109: Lid | D109: Expense | E109: 9.85 | F109: =TEXT(A109,"MMMM") -> December
A110: 45993 | B110: Groceries | C110: Costco | D110: Expense | E110: =4.53+1.41+1.69+3.78 -> 11.41 | F110: =TEXT(A110,"MMMM") -> December
A111: 45996 | B111: Groceries | C111: Water | D111: Expense | E111: 0.94 | F111: =TEXT(A111,"MMMM") -> December
A112: 45998 | B112: Groceries | C112: Toothpaste | D112: Expense | E112: 2.79 | F112: =TEXT(A112,"MMMM") -> December
A113: 46002 | B113: Groceries | C113: Lidl | D113: Expense | E113: =2.3+12.29 -> 14.59 | F113: =TEXT(A113,"MMMM") -> December
A114: 46004 | B114: Rent | C114: Renters Insurance | D114: Expense | E114: 3.12 | F114: =TEXT(A114,"MMMM") -> December
A115: 46004 | B115: Groceries | C115: Patels | D115: Expense | E115: 25.99 | F115: =TEXT(A115,"MMMM") -> December
A116: 46007 | B116: Fun | C116: After Exam partyy | D116: Expense | E116: 11.39 | F116: =TEXT(A116,"MMMM") -> December
A117: 46008 | B117: Fun | C117: Actual After Exam DC | D117: Expense | E117: =1.86+1.08+5.12 -> 8.06 | F117: =TEXT(A117,"MMMM") -> December
A118: 46011 | B118: Fun | C118: DC with RoomateFriends | D118: Expense | E118: 34.15 | F118: =TEXT(A118,"MMMM") -> December
...

Sheet Dashboard
A1: Selected Month | B1: February
A3: Category | B3: Amount
A4: Groceries | B4: =SUMIFS(Transactions!E:E, Transactions!B:B, A4, Transactions!F:F, $B$1) -> 123.808
A5: Rent | B5: =SUMIFS(Transactions!E:E, Transactions!B:B, A5, Transactions!F:F, $B$1) -> 773.03
A6: Transport | B6: =SUMIFS(Transactions!E:E, Transactions!B:B, A6, Transactions!F:F, $B$1) -> 0
A7: Furniture | B7: =SUMIFS(Transactions!E:E, Transactions!B:B, A7, Transactions!F:F, $B$1) -> 0
A8: Cleaning | B8: =SUMIFS(Transactions!E:E, Transactions!B:B, A8, Transactions!F:F, $B$1) -> 0
A9: Electronics | B9: =SUMIFS(Transactions!E:E, Transactions!B:B, A9, Transactions!F:F, $B$1) -> 50.37
A10: Food | B10: =SUMIFS(Transactions!E:E, Transactions!B:B, A10, Transactions!F:F, $B$1) -> 13.24
A11: Clothing | B11: =SUMIFS(Transactions!E:E, Transactions!B:B, A11, Transactions!F:F, $B$1) -> 0
A12: Fun | B12: =SUMIFS(Transactions!E:E, Transactions!B:B, A12, Transactions!F:F, $B$1) -> 97.83
A15: Total Expense | B15: =SUM(B2:B12) -> 1058.278
